"momID","trial_num","fishID","col_month","lat_to_trial","weight","length","depth","svl","snout_len","depth_adj","MatingSuccess","NumDeveloped","NumUndeveloped","totalEggs","mated"
"FU10F1",10,"1","july",12,3.4,202.065,7.423,77.519,11.565,0.0957571692101291,0,0,0,0,0
"FU10F2",10,"2","july",12,2.9,192.257,6.619,72.614,10.912,0.0911532211419285,0,0,0,0,0
"FU10F3",10,"3","july",12,1.2,145.704,4.457,60.731,8.661,0.0733892081474041,1,267,4,271,1
"FU10F4",10,"4","july",12,1.4,156.019,4.268,67.031,9.73,0.0636720323432442,0,0,0,0,0
"FU10F5",10,"5","july",12,1.5,145.716,4.215,61.603,9.71,0.0684219924354333,0,0,0,0,0
"FU10F6",10,"6","july",12,1.5,151.358,4.016,69.647,9.638,0.0576622108633538,1,262,4,266,1
"FU11F1",11,"1","july",12,1.5,144.901,4.209,59.517,8.082,0.0707192902868088,2,211,37,248,1
"FU11F2",11,"2","july",12,1.3,145.687,4.094,58.951,9.173,0.0694475072517854,0,0,0,0,0
"FU11F3",11,"3","july",12,2.9,169.373,6.639,68.469,10.675,0.0969635893616089,1,54,14,68,1
"FU11F4",11,"4","july",12,1.6,150.637,4.785,61.239,8.704,0.078136481653848,0,0,0,0,0
"FU11F5",11,"5","july",12,1.6,145.956,5.074,58.608,8.877,0.0865752115752116,0,0,0,0,0
"FU11F6",11,"6","july",12,1.2,139.128,3.906,51.345,9.154,0.0760736196319018,0,0,0,0,0
"FU12F1",12,"1","july",14,1.8,151.205,4.943,61.089,9.402,0.0809147309662951,0,0,0,0,0
"FU12F2",12,"2","july",14,1.7,150.455,5.024,62.24,10.095,0.080719794344473,0,0,0,0,0
"FU12F3",12,"3","july",14,2.7,167.877,6.407,68.41,10.758,0.0936558982604882,2,418,152,570,1
"FU12F4",12,"4","july",14,1.3,141.824,3.951,57.594,8.548,0.068600895926659,0,0,0,0,0
"FU12F5",12,"5","july",14,1.2,128.91,3.219,61.304,7.578,0.0525088085606159,0,0,0,0,0
"FU12F6",12,"6","july",14,1.6,161.704,4.493,69.243,9.717,0.0648874254437272,0,0,0,0,0
"FU13F1",13,"1","july",14,1.6,155.733,4.387,64.12,9.523,0.068418590143481,0,0,0,0,0
"FU13F2",13,"2","july",14,1.4,149.057,3.817,60.825,8.785,0.06275380189067,1,99,17,116,1
"FU13F3",13,"3","july",14,1.2,145.641,4.224,58.959,8.393,0.0716430061568208,0,0,0,0,0
"FU13F4",13,"4","july",14,1.3,135.686,4.413,54.883,7.799,0.080407412131261,1,90,4,94,1
"FU13F5",13,"5","july",14,2.1,172.765,5.499,71.71,11.911,0.0766838655696556,1,193,0,193,1
"FU13F6",13,"6","july",14,1.4,146.312,3.956,56.702,8.403,0.0697682621424288,0,0,0,0,0
"FU14F1",14,"1","july",16,1.3,112.828,3.602,68.503,8.728,0.0525816387603463,0,0,0,0,0
"FU14F2",14,"2","july",16,1.3,128.041,3.803,49.982,7.769,0.0760873914609259,0,0,0,0,0
"FU14F3",14,"3","july",16,1.3,140.935,3.699,53.955,7.634,0.068557130942452,0,0,0,0,0
"FU14F4",14,"4","july",16,3,173.357,6.242,67.229,8.167,0.0928468369304913,1,161,3,164,1
"FU14F5",14,"5","july",16,1.3,144.064,4.109,57.445,8.453,0.0715292888850205,0,0,0,0,0
"FU14F6",14,"6","july",16,1.3,138.641,3.923,56.147,7.567,0.0698701622526582,1,181,0,181,1
"FU15F1",15,"1","july",16,1,139.341,3.93,57.564,8.67,0.0682718365645195,0,0,0,0,0
"FU15F2",15,"2","july",16,1.2,141.831,3.79,56.55,8.796,0.0670203359858532,0,0,0,0,0
"FU15F3",15,"3","july",16,1.7,157.988,4.278,61.839,9.294,0.0691796439140348,0,0,0,0,0
"FU15F4",15,"4","july",16,1.9,152.997,4.482,63.47,9.608,0.0706160390735781,0,0,0,0,0
"FU15F5",15,"5","july",16,1.8,156.164,4.405,63.707,9.971,0.069144677978872,1,68,4,72,1
"FU15F6",15,"6","july",16,1.2,137.125,3.788,53.899,8.547,0.0702795970240635,0,0,0,0,0
"FU16F1",16,"1","july",18,1.6,145.232,3.839,59.05,8.927,0.0650127011007621,0,0,0,0,0
"FU16F2",16,"2","july",18,1.3,137.934,3.789,55.767,8.205,0.0679434073914681,0,0,0,0,0
"FU16F3",16,"3","july",18,0.9,134.22,3.538,50.534,7.934,0.0700122689674279,0,0,0,0,0
"FU16F4",16,"4","july",18,1.2,145.905,4.134,60.027,9.233,0.0688690089459743,0,0,0,0,0
"FU16F5",16,"5","july",18,1.1,142.391,3.222,56.804,8.011,0.0567213576508697,0,0,0,0,0
"FU16F6",16,"6","july",18,2.5,165.037,4.954,68.937,10.073,0.0718627152327487,1,197,6,203,1
"FU1F1",1,"1","june",11,2.1,145.527,5.971,64.84,9.715,0.0920882171499075,1,268,10,278,1
"FU1F2",1,"2","june",11,2.5,167.067,5.404,66.676,9.963,0.0810486531885536,0,0,0,0,0
"FU1F3",1,"3","june",11,2.5,163.165,5.454,67.335,10.745,0.0809979950991312,0,0,0,0,0
"FU1F4",1,"4","june",11,2.4,156.667,4.761,61.459,9.362,0.0774662783318961,0,0,0,0,0
"FU1F5",1,"5","june",11,1.5,146.603,4.025,56.841,8.293,0.07081156207667,1,323,18,341,1
"FU1F6",1,"6","june",11,1.6,149.88,4.7,62.76,9.209,0.0748884639898024,0,0,0,0,0
"FU2F1",2,"1","june",11,1.9,180.288,4.618,70.958,10.201,0.0650807519941374,0,0,0,0,0
"FU2F2",2,"2","june",11,2.1,152.248,4.52,65.321,10.292,0.069196736118553,0,0,0,0,0
"FU2F3",2,"3","june",11,1.8,155.197,4.902,59.439,10.463,0.082471104830162,0,0,0,0,0
"FU2F4",2,"4","june",11,1.9,149.664,4.293,63.469,8.207,0.0676393199829838,0,0,0,0,0
"FU2F5",2,"5","june",11,2.1,143.074,6.101,60.604,8.754,0.100669922777374,1,473,5,478,1
"FU2F6",2,"6","june",11,1.8,148.131,4.151,62.398,8.429,0.0665245680951312,1,52,1,53,1
"FU3F1",3,"1","june",14,1.9,152.252,4.418,60.964,8.618,0.0724689980972377,0,0,0,0,0
"FU3F2",3,"2","june",14,2.8,172.729,6.813,71.052,11.521,0.0958875190001689,1,566,41,607,1
"FU3F3",3,"3","june",14,2.2,168.442,6.195,70.417,9.862,0.0879759149069117,0,0,0,0,0
"FU3F4",3,"4","june",14,2.4,163.254,6.016,67.457,11.077,0.0891827386334999,0,0,0,0,0
"FU3F5",3,"5","june",14,1.6,145.841,4.078,60.131,8.751,0.0678185960652575,0,0,0,0,0
"FU3F6",3,"6","june",14,1.6,140.506,4.322,67.149,9.4,0.0643643241150278,0,0,0,0,0
"FU5F1",5,"1","june",16,1.7,160.023,3.869,62.698,9.434,0.0617085074484035,0,0,0,0,0
"FU5F2",5,"2","june",16,2,175.113,4.684,69.898,9.656,0.0670119316718647,1,297,10,307,1
"FU5F3",5,"3","june",16,2.3,166.566,4.777,67.942,9.514,0.0703099702687587,0,0,0,0,0
"FU5F4",5,"4","june",16,2.2,182.02,5.301,70.217,11.633,0.0754945383596565,0,0,0,0,0
"FU5F5",5,"5","june",16,1.8,168.869,5.62,65.224,8.928,0.0861646019869986,0,0,0,0,0
"FU5F6",5,"6","june",16,1.8,146.716,4.209,62.629,8.902,0.0672052882849798,0,0,0,0,0
"FU6F1",6,"1","june",15,2.5,166.309,4.823,69.53,10.342,0.0693657414065871,0,0,0,0,0
"FU6F2",6,"2","june",15,2.2,165.24,5.552,65.562,11.152,0.0846832006345139,0,0,0,0,0
"FU6F3",6,"3","june",15,2.1,177.969,5.266,73.5,10.13,0.0716462585034014,0,0,0,0,0
"FU6F4",6,"4","june",16,2.8,193.007,5.064,77.818,10.9,0.0650749183993421,0,0,0,0,0
"FU6F5",6,"5","june",16,2,170.007,4.883,66.432,9.072,0.0735037331406551,0,0,0,0,0
"FU6F6",6,"6","june",16,2.2,167.565,6.075,67.957,10.558,0.0893947643362715,0,0,0,0,0
"FU6FUM",6,"UM","june",15,2.3,170.546,6.213,64.929,9.44,0.0956891373654299,1,528,12,540,1
