"trial_num","fishID","rank_2_mate","fem_mate","NumDeveloped","NumUndeveloped","totalEggs","lat_to_preg","per_surviving","length","fem_mate_len","fem_mate_cat","depth","svl","bp_area","bp_length","maleID","MatingSuccess","depth_adj"
"C1",1,5,"F5",40,0,40,7,1,87.43,"9.755","s",3.181,35.773,40.802,22.962,"C1M1",1,0.0889218125401839
"C1",2,NA,NA,0,0,0,NA,NA,74.13,NA,NA,2.921,30.103,25.652,14.823,"C1M2",0,0.0970335182539946
"C1",3,2,"F4",40,1,41,1,0.975609756,85.3,"9.003","m",2.923,30.528,25.529,13.811,"C1M3",1,0.0957481656184486
"C1",4,2,"F4",18,1,19,1,0.947368421,87.41,"9.003","m",3.185,34.432,39.565,17.033,"C1M4",1,0.0925011617100372
"C1",6,3,"F1",35,0,35,2,1,85.5,"10.102","m",3.259,34.416,42.05,15.895,"C1M6",1,0.0946943282194328
"C1",7,1,"F3",35,0,35,1,1,86.24,"10.408","s",3.276,35.875,42.49,16.302,"C1M7",1,0.0913170731707317
"C1",8,2,"F1",20,0,20,1,1,83.93,"10.102","m",3.177,33.039,37.859,16.633,"C1M8",1,0.0961590847180605
"C3",1,1,"F6",16,0,16,1,1,93.78,"9.613","m",3.645,35.51,63.161,21.051,"C3M1",1,0.102647141650239
"C3",2,3,"F3",24,0,24,5,1,75.11,"8.868","s",2.52,28.967,30.744,13.361,"C3M2",1,0.0869955466565402
"C3",3,1,"F4",24,0,24,1,1,79.11,"8.825","m",2.997,31.897,36.511,14.008,"C3M3",1,0.0939586794996395
"C3",4,3,"F6",29,0,29,5,1,90.47,"9.613","m",3.231,35.508,42.477,19.678,"C3M4",1,0.0909935789117945
"C3",5,2,"F5",41,1,42,3,0.976190476,94.14,"10.321","s",3.964,39.183,37.406,16.302,"C3M5",1,0.101166322129495
"C3",6,2,"F4",20,0,20,3,1,78.39,"8.825","m",2.725,30.187,35.942,15.286,"C3M6",1,0.0902706463047007
"C3",7,1,"F6",29,5,34,1,0.852941176,86.43,"9.613","m",3.088,33.664,37.419,17.213,"C3M7",1,0.0917300380228137
"C3",8,4,"F7",18,0,18,10,1,85.36,"9.786","s",3.101,34.978,48.972,17.045,"C3M8",1,0.0886557264566299
"C4",1,NA,NA,0,0,0,NA,NA,75.6,NA,NA,2.582,30.264,32.694,14.735,"C4M1",0,0.0853158868622786
"C4",2,NA,NA,0,0,0,NA,NA,82.43,NA,NA,2.54,32.057,44.337,17.339,"C4M2",0,0.0792338646785413
"C4",3,1,"F1",27,0,27,2,1,85.6,"9.462","m",3.245,33.855,41.271,21.399,"C4M3",1,0.0958499483089647
"C4",4,1,"F1",34,0,34,2,1,79.62,"9.462","m",2.796,31.215,42.724,15.846,"C4M4",1,0.0895723209995195
"C4",5,3,"F1",23,3,26,4,0.884615385,87.34,"9.462","m",3.288,32.44,45.304,17.779,"C4M5",1,0.101356350184957
"C4",6,NA,NA,0,0,0,NA,NA,78.76,NA,NA,2.556,30.989,42.899,16.142,"C4M6",0,0.0824808803123689
"C4",7,4,"F8",18,4,22,7,0.818181818,81.04,"9.559","m",2.804,32.216,39.081,16.191,"C4M7",1,0.0870374968959523
"C4",8,2,"F8",16,10,26,3,0.615384615,78.17,"9.559","m",2.447,29.885,37.515,16.784,"C4M8",1,0.0818805420779655
"C5",1,1,"F5",25,7,32,1,0.78125,98.03,"9.558","m",2.635,36.685,39.188,18.856,"C5M1",1,0.0718277225023852
"C5",2,3,"F6",24,3,27,6,0.875,79.17,"9.725","s",2.637,29.445,38.141,14.977,"C5M2",1,0.089556800815079
"C5",3,2,"N/A",0,22,22,2,0,79.54,"N/A",NA,2.488,27.916,31.629,15.389,"C5M3",1,0.0891245164063619
"C5",4,4,"F5",25,0,25,7,1,70.89,"9.558","m",2.75,27.852,32.721,13.976,"C5M4",1,0.0987361769352291
"C5",5,5,"F1",15,10,25,10,0.6,70.42,"10.43","m",2.292,25.976,24.049,13.647,"C5M5",1,0.0882352941176471
"C5",6,1,"F2",25,0,25,1,1,72.59,"9.379","s",2.514,28.486,30.966,14.235,"C5M6",1,0.0882538790985045
"C5",7,6,"F1",18,0,18,12,1,72.33,"10.43","m",2.274,25.634,25.968,13.33,"C5M7",1,0.088710306624015
"C5",8,7,"F5",14,0,14,13,1,81.99,"9.558","m",3.272,31.713,45.02,17.336,"C5M8",1,0.103175353955791
"C6",1,1,"F7",20,1,21,1,0.952380952,90.94,"9.543","m",2.805,35.335,45.441,16.195,"C6M1",1,0.0793830479694354
"C6",3,1,"F8",26,6,32,1,0.8125,87.14,"10.735","m",3.046,35.078,39.108,15.871,"C6M3",1,0.0868350533097668
"C6",4,1,"F3",32,2,34,1,0.941176471,94.77,"9.835","s",3.604,35.81,58.786,21.21,"C6M4",1,0.100642278693102
"C6",5,2,"F6",38,0,38,2,1,93.91,"11.251","s",3.107,35.022,46.305,17.217,"C6M5",1,0.0887156644394952
"C6",6,2,NA,0,21,21,2,0,79.85,NA,NA,2.542,30.181,31.151,15.527,"C6M6",1,0.0842251747788344
"C6",7,1,"F8",17,5,22,1,0.772727273,79.91,"10.735","m",2.72,30.527,32.835,15.823,"C6M7",1,0.0891014511743702
"C6",8,2,"F7",26,1,27,2,0.962962963,90.78,"9.543","m",3.495,36.207,43.548,15.906,"C6M8",1,0.096528295633441
"C7",1,1,"F8",24,9,33,1,0.727272727,94.18,"9.164","m",3.421,36.567,45.141,17.096,"C7M1",1,0.0935542975907239
"C7",2,NA,NA,0,0,0,NA,NA,96.47,NA,NA,3.418,41.166,51.029,17.105,"C7M2",0,0.0830296846912501
"C7",3,5,"F8",40,2,42,9,0.952380952,81.53,"9.164","m",2.872,28.625,35.952,16.858,"C7M3",1,0.100331877729258
"C7",4,3,"F6",2,5,7,7,0.285714286,83.9,"10.416","m",3.169,30.19,40.311,15.842,"C7M4",1,0.104968532626698
"C7",5,4,"F3",15,0,15,9,1,98.48,"10.007","m",3.565,38.051,46.716,16.814,"C7M5",1,0.093690047567738
"C7",6,1,"F2",25,1,26,1,0.961538462,89.61,"9.971","s",3.299,33.947,44.346,14.442,"C7M6",1,0.0971808996376705
"C7",7,1,"F6",13,6,19,1,0.684210526,89.95,"10.416","m",3.518,35.387,47.336,17.072,"C7M7",1,0.0994150394212564
"C7",8,2,"F3",22,10,32,4,0.6875,103.28,"10.007","m",4.052,39.125,59.518,18.481,"C7M8",1,0.103565495207668
"C8",1,1,"F8",39,4,43,1,0.906976744,106.01,"11.604","m",4.08,41.527,59.979,18.676,"C8M1",1,0.0982493317600597
"C8",2,2,"F6",29,0,29,2,1,88.88,"10.163","s",3.155,34.86,48.483,18.736,"C8M2",1,0.090504876649455
"C8",3,1,"F8",40,3,43,1,0.930232558,90.8,"11.604","m",3.218,34.568,39.171,17.127,"C8M3",1,0.0930918768803518
"C8",4,2,"F5",51,0,51,2,1,102.5,"9.553","s",3.794,41.24,64.295,18.999,"C8M4",1,0.0919980601357905
"C8",5,1,"F1",43,1,44,1,0.977272727,93.99,"9.965","s",3.15,36.041,45.63,16.96,"C8M5",1,0.0874004605865542
"C8",6,3,"F3",52,1,53,3,0.981132075,93.73,"9.974","s",3.281,36.028,44.952,18.247,"C8M6",1,0.0910680581769735
"C8",7,1,"F4",25,0,25,1,1,95.16,"10.514","s",3.971,39.147,55.616,18.889,"C8M7",1,0.101438168952921
"C8",8,2,"F8",16,2,18,2,0.888888889,99.79,"11.604","m",3.716,39.187,48.624,17.868,"C8M8",1,0.0948273662183888
